Regime,Surprise,CAR
0,0.03289569892473118,0.0026414664043850062
1,0.00725,-0.0009113113162115139
2,0.05471041666666667,-0.0013559181993512276
